tissue_depth_mm,slice_dose_per_source_proton_Gy
5.000000000000000000e-01,4.977926288034123782e-11
1.500000000000000000e+00,5.017922670672235240e-11
2.500000000000000000e+00,4.851408747019088570e-11
3.500000000000000000e+00,5.117516088258892684e-11
4.500000000000000000e+00,4.984675844594964132e-11
5.500000000000000000e+00,5.343936341125177532e-11
6.500000000000000000e+00,5.328400452500347001e-11
7.500000000000000000e+00,4.986770356126665118e-11
8.500000000000000000e+00,5.057260729538404358e-11
9.500000000000000000e+00,5.321784831859547263e-11
1.050000000000000000e+01,5.515935179711146011e-11
1.150000000000000000e+01,5.256572045880760808e-11
1.250000000000000000e+01,5.436765834393697538e-11
1.350000000000000000e+01,5.851341132219022006e-11
1.450000000000000000e+01,5.969655797213643550e-11
1.550000000000000000e+01,5.702388413315976790e-11
1.650000000000000000e+01,5.840275926995188860e-11
1.750000000000000000e+01,5.070857920756760314e-11
1.850000000000000000e+01,6.122612896774688332e-11
1.950000000000000000e+01,5.988187547152391112e-11
2.050000000000000000e+01,5.795258216581384857e-11
2.150000000000000000e+01,6.075304303898564499e-11
2.250000000000000000e+01,6.302987815337095179e-11
2.350000000000000000e+01,5.654765148270045386e-11
2.450000000000000000e+01,6.002377834263342187e-11
2.550000000000000000e+01,6.372156357707766060e-11
2.650000000000000000e+01,6.175513478578868605e-11
2.750000000000000000e+01,5.969552710965732490e-11
2.850000000000000000e+01,7.619504698958315585e-11
2.950000000000000000e+01,6.763542636930937124e-11
3.050000000000000000e+01,6.791905389063406304e-11
3.150000000000000000e+01,6.743096581942221552e-11
3.250000000000000000e+01,6.883773261809644477e-11
3.350000000000000000e+01,6.727626088155168408e-11
3.450000000000000000e+01,6.786533585403603526e-11
3.550000000000000000e+01,7.241156720632131282e-11
3.650000000000000000e+01,6.897913475367784236e-11
3.750000000000000000e+01,7.444626158041581318e-11
3.850000000000000000e+01,7.507223117166629912e-11
3.950000000000000000e+01,7.303801193482633942e-11
4.050000000000000000e+01,7.240508343804650573e-11
4.150000000000000000e+01,7.615666740122404048e-11
4.250000000000000000e+01,7.429324646911986736e-11
4.350000000000000000e+01,7.951922077192788407e-11
4.450000000000000000e+01,8.108459323621518998e-11
4.550000000000000000e+01,9.400094927031109239e-11
4.650000000000000000e+01,9.297989511733367885e-11
4.750000000000000000e+01,8.549478003857020426e-11
4.850000000000000000e+01,8.309459705578352737e-11
4.950000000000000000e+01,8.553305295049087417e-11
5.050000000000000000e+01,8.861305651771980660e-11
5.150000000000000000e+01,9.409257528710994620e-11
5.250000000000000000e+01,9.354723581983221412e-11
5.350000000000000000e+01,9.766607037249283605e-11
5.450000000000000000e+01,1.033629972289382066e-10
5.550000000000000000e+01,1.006175366127117533e-10
5.650000000000000000e+01,1.199353796774532473e-10
5.750000000000000000e+01,1.149585422444774772e-10
5.850000000000000000e+01,1.278761739307845025e-10
5.950000000000000000e+01,1.266847077763657495e-10
6.050000000000000000e+01,1.354818415953173147e-10
6.150000000000000000e+01,1.494864947210430497e-10
6.250000000000000000e+01,1.552310203989734924e-10
6.350000000000000000e+01,1.765477816473330705e-10
6.450000000000000000e+01,2.043994321709388332e-10
6.550000000000000000e+01,2.401753624241100171e-10
6.650000000000000000e+01,2.545662570310404538e-10
6.750000000000000000e+01,1.501283488304278706e-10
6.850000000000000000e+01,3.017520569957612261e-11
6.950000000000000000e+01,3.539459678468587382e-12
7.050000000000000000e+01,0.000000000000000000e+00
7.150000000000000000e+01,0.000000000000000000e+00
7.250000000000000000e+01,0.000000000000000000e+00
7.350000000000000000e+01,0.000000000000000000e+00
7.450000000000000000e+01,0.000000000000000000e+00
7.550000000000000000e+01,0.000000000000000000e+00
7.650000000000000000e+01,0.000000000000000000e+00
7.750000000000000000e+01,0.000000000000000000e+00
7.850000000000000000e+01,3.447884116368000158e-16
7.950000000000000000e+01,0.000000000000000000e+00
8.050000000000000000e+01,0.000000000000000000e+00
8.150000000000000000e+01,0.000000000000000000e+00
8.250000000000000000e+01,1.389322930165902070e-14
8.350000000000000000e+01,0.000000000000000000e+00
8.450000000000000000e+01,0.000000000000000000e+00
8.550000000000000000e+01,0.000000000000000000e+00
8.650000000000000000e+01,0.000000000000000000e+00
8.750000000000000000e+01,0.000000000000000000e+00
8.850000000000000000e+01,0.000000000000000000e+00
8.950000000000000000e+01,0.000000000000000000e+00
9.050000000000000000e+01,0.000000000000000000e+00
9.150000000000000000e+01,0.000000000000000000e+00
9.250000000000000000e+01,0.000000000000000000e+00
9.350000000000000000e+01,0.000000000000000000e+00
9.450000000000000000e+01,0.000000000000000000e+00
9.550000000000000000e+01,0.000000000000000000e+00
9.650000000000000000e+01,0.000000000000000000e+00
9.750000000000000000e+01,0.000000000000000000e+00
9.850000000000000000e+01,0.000000000000000000e+00
9.950000000000000000e+01,0.000000000000000000e+00
